date,province,cpi_energy,carbon_price,treatment,wti_price,refinery_capacity
2018-01-01,Alberta,164.3,0,0,63.7,65.10771491759485
2018-02-01,Alberta,164,0,0,62.23,64.95445262491087
2018-03-01,Alberta,164.5,0,0,62.73,64.95164897542799
2018-04-01,Alberta,178.9,0,0,66.25,64.9561203393139
2018-05-01,Alberta,175.4,0,0,69.98,64.95856974878656
2018-06-01,Alberta,172,0,0,67.87,64.95715996406479
2018-07-01,Alberta,183.2,0,0,70.98,64.95431638548052
2018-08-01,Alberta,179.6,0,0,68.06,64.95348160625437
2018-09-01,Alberta,180,0,0,70.23,64.95244434562895
2018-10-01,Alberta,175.3,0,0,70.75,64.95315876651384
2018-11-01,Alberta,168.3,0,0,56.96,64.95215585322119
2018-12-01,Alberta,159.6,0,0,49.52,64.95592260290788
2019-01-01,Alberta,157.7,0,0,51.38,64.86415433637927
2019-02-01,Alberta,164.2,0,0,54.95,64.58736245335217
2019-03-01,Alberta,176.1,0,0,58.15,64.62626642083988
2019-04-01,Alberta,183,0,0,63.86,64.63879771066178
2019-05-01,Alberta,180.6,0,0,60.83,64.64882896870613
2019-06-01,Alberta,157.6,0,0,54.66,64.65610810242116
2019-07-01,Alberta,162.4,0,0,57.35,64.92809603119603
2019-08-01,Alberta,160.6,0,0,54.81,65.09999819376395
2019-09-01,Alberta,160.4,0,0,56.95,65.10261352681849
2019-10-01,Alberta,160.8,0,0,53.96,64.98470594497243
2019-11-01,Alberta,162,0,0,57.03,64.98672671890905
2019-12-01,Alberta,167.4,0,0,59.88,64.98692187716773
2020-01-01,Alberta,168.6,0,0,57.52,63.5926669202782
2020-02-01,Alberta,167.6,0,0,50.54,59.7781005346563
2020-03-01,Alberta,145.9,0,0,29.21,61.44766917656782
2020-04-01,Alberta,135.5,0,0,16.55,63.9480988561006
2020-05-01,Alberta,152.4,0,0,28.56,63.94764324911497
2020-06-01,Alberta,158.1,0,0,38.31,63.94896272158651
2020-07-01,Alberta,161.5,0,0,40.71,63.94727391970773
2020-08-01,Alberta,160.1,0,0,42.34,63.94945587767895
2020-09-01,Alberta,171.8,0,0,39.63,63.9505083222889
2020-10-01,Alberta,164.1,0,0,39.4,63.94737299901393
2020-11-01,Alberta,165.8,0,0,40.94,63.94728105768101
2020-12-01,Alberta,167.5,0,0,47.02,63.94926431394059
2021-01-01,Alberta,174,0,0,52,64.55759458204189
2021-02-01,Alberta,183,0,0,59.04,64.63587412932883
2021-03-01,Alberta,187.7,0,0,62.33,64.63526262516967
2021-04-01,Alberta,190.9,0,0,61.72,64.63796583544688
2021-05-01,Alberta,193.1,0,0,65.17,64.63202060710238
2021-06-01,Alberta,194,0,0,71.38,64.6352031437979
2021-07-01,Alberta,209.5,0,0,72.49,64.63513614082034
2021-08-01,Alberta,214.4,0,0,67.73,64.63540525610314
2021-09-01,Alberta,209.2,0,0,71.65,64.6365962537828
2021-10-01,Alberta,217.7,0,0,81.48,64.63214515656496
2021-11-01,Alberta,222.2,0,0,79.15,64.63472699887217
2021-12-01,Alberta,222.7,0,0,71.71,64.63326187849142
2022-01-01,Alberta,229.7,0,0,83.22,64.8339768309911
2022-02-01,Alberta,240.3,0,0,91.64,65.03184378827557
2022-03-01,Alberta,245.3,0,0,108.5,65.13519916852972
2022-04-01,Alberta,239.5,0,0,101.78,65.54559502063745
2022-05-01,Alberta,254.3,0,0,109.55,65.5455054075934
2022-06-01,Alberta,284.2,0,0,114.84,65.54595086490569
2022-07-01,Alberta,268.4,0,0,101.62,65.54764596118834
2022-08-01,Alberta,233.4,0,0,93.67,65.54648488586452
2022-09-01,Alberta,223.6,0,0,84.26,65.5476915673575
2022-10-01,Alberta,247.3,0,0,87.55,65.54587675557423
2022-11-01,Alberta,234.2,0,0,84.37,65.54762290757785
2022-12-01,Alberta,223,0,0,76.44,65.54524914599973
2023-01-01,Alberta,202.4,0,0,78.12,65.54520654906531
2023-02-01,Alberta,190.3,0,0,76.83,65.54491158168615
2023-03-01,Alberta,205.9,0,0,73.28,65.54288528268182
2023-04-01,Alberta,230.2,65,1,79.45,65.54281310001357
2023-05-01,Alberta,231,65,1,71.58,65.54294647352836
2023-06-01,Alberta,235.7,65,1,70.25,65.54260427246525
2023-07-01,Alberta,247.8,65,1,76.07,65.54277223862047
2023-08-01,Alberta,264.4,65,1,81.39,65.54458809365738
2023-09-01,Alberta,251.7,65,1,89.43,65.54440310560213
2023-10-01,Alberta,233.4,65,1,85.64,65.54434444665861
2023-11-01,Alberta,227.5,65,1,77.69,65.54536661644168
2023-12-01,Alberta,219,65,1,71.9,65.54627564191418
2024-01-01,Alberta,218.2,65,1,74.15,65.75844795837124
2024-02-01,Alberta,232.7,65,1,77.25,65.87477831704058
2024-03-01,Alberta,233.7,65,1,81.28,65.87641023769362
2024-04-01,Alberta,246.5,80,1,85.35,65.87437081873547
2024-05-01,Alberta,238.5,80,1,80.02,65.8745886536816
2024-06-01,Alberta,235,80,1,79.77,65.87369534534388
2024-07-01,Alberta,240.3,80,1,81.8,65.8744139595426
2024-08-01,Alberta,239.7,80,1,76.68,65.87383222825764
2024-09-01,Alberta,224.8,80,1,70.24,65.87362475862614
2024-10-01,Alberta,227.5,80,1,71.99,65.87462115073556
2024-11-01,Alberta,226.6,80,1,69.95,65.87389913320762
2024-12-01,Alberta,226.7,80,1,70.12,65.87361517714953
2025-01-01,Alberta,232.6,80,1,75.74,66.39937965900575
2025-02-01,Alberta,234.6,80,1,71.53,66.39902389235809
2025-03-01,Alberta,233.5,80,1,68.24,66.39968642073165
2018-01-01,British Columbia,162.4,0,0,63.7,27.128214548997857
2018-02-01,British Columbia,163.6,0,0,62.23,27.064355260379532
2018-03-01,British Columbia,168.4,0,0,62.73,27.063187073094994
2018-04-01,British Columbia,174.1,0,0,66.25,27.06505014138079
2018-05-01,British Columbia,178.3,0,0,69.98,27.066070728661067
2018-06-01,British Columbia,175.8,0,0,67.87,27.06548331836033
2018-07-01,British Columbia,177,0,0,70.98,27.064298493950222
2018-08-01,British Columbia,173.5,0,0,68.06,27.063950669272653
2018-09-01,British Columbia,173.5,0,0,70.23,27.063518477345397
2018-10-01,British Columbia,175.4,0,0,70.75,27.0638161527141
2018-11-01,British Columbia,168,0,0,56.96,27.063398272175498
2018-12-01,British Columbia,164,0,0,49.52,27.06496775121162
2019-01-01,British Columbia,161.7,0,0,51.38,27.026730973491365
2019-02-01,British Columbia,163.1,0,0,54.95,26.91140102223007
2019-03-01,British Columbia,171.5,0,0,58.15,26.927611008683286
2019-04-01,British Columbia,183.9,0,0,63.86,26.932832379442406
2019-05-01,British Columbia,185.9,0,0,60.83,26.93701207029422
2019-06-01,British Columbia,176.2,0,0,54.66,26.940045042675482
2019-07-01,British Columbia,175.1,0,0,57.35,27.053373346331682
2019-08-01,British Columbia,171.8,0,0,54.81,27.12499924740165
2019-09-01,British Columbia,174.3,0,0,56.95,27.126088969507702
2019-10-01,British Columbia,177.3,0,0,53.96,27.07696081040518
2019-11-01,British Columbia,169.6,0,0,57.03,27.07780279954544
2019-12-01,British Columbia,167.6,0,0,59.88,27.077884115486555
2020-01-01,British Columbia,170.3,0,0,57.52,26.496944550115916
2020-02-01,British Columbia,171.7,0,0,50.54,24.90754188944013
2020-03-01,British Columbia,157.2,0,0,29.21,25.603195490236594
2020-04-01,British Columbia,140,0,0,16.55,26.64504119004192
2020-05-01,British Columbia,149.4,0,0,28.56,26.644851353797904
2020-06-01,British Columbia,159.1,0,0,38.31,26.64540113399438
2020-07-01,British Columbia,162.2,0,0,40.71,26.64469746654489
2020-08-01,British Columbia,163.1,0,0,42.34,26.645606615699563
2020-09-01,British Columbia,161.1,0,0,39.63,26.646045134287043
2020-10-01,British Columbia,160.1,0,0,39.4,26.644738749589138
2020-11-01,British Columbia,159.3,0,0,40.94,26.644700440700422
2020-12-01,British Columbia,160.4,0,0,47.02,26.645526797475245
2021-01-01,British Columbia,168,0,0,52,26.898997742517455
2021-02-01,British Columbia,173.8,0,0,59.04,26.93161422055368
2021-03-01,British Columbia,180.2,0,0,62.33,26.93135942715403
2021-04-01,British Columbia,182.5,0,0,61.72,26.93248576476953
2021-05-01,British Columbia,185.7,0,0,65.17,26.930008586292658
2021-06-01,British Columbia,187.9,0,0,71.38,26.931334643249123
2021-07-01,British Columbia,194.7,0,0,72.49,26.931306725341805
2021-08-01,British Columbia,193.2,0,0,67.73,26.931418856709644
2021-09-01,British Columbia,188.6,0,0,71.65,26.93191510574283
2021-10-01,British Columbia,194.3,0,0,81.48,26.930060481902068
2021-11-01,British Columbia,192.9,0,0,79.15,26.93113624953007
2021-12-01,British Columbia,189.8,0,0,71.71,26.93052578270476
2022-01-01,British Columbia,200.6,0,0,83.22,27.014157012912964
2022-02-01,British Columbia,205.4,0,0,91.64,27.096601578448155
2022-03-01,British Columbia,224.3,0,0,108.5,27.13966632022072
2022-04-01,British Columbia,224.1,0,0,101.78,27.310664591932273
2022-05-01,British Columbia,239.7,0,0,109.55,27.31062725316392
2022-06-01,British Columbia,247,0,0,114.84,27.31081286037737
2022-07-01,British Columbia,234.5,0,0,101.62,27.31151915049514
2022-08-01,British Columbia,222.5,0,0,93.67,27.311035369110215
2022-09-01,British Columbia,227.8,0,0,84.26,27.31153815306563
2022-10-01,British Columbia,235.5,0,0,87.55,27.31078198148926
2022-11-01,British Columbia,218.6,0,0,84.37,27.311509544824105
2022-12-01,British Columbia,200.9,0,0,76.44,27.31052047749989
2023-01-01,British Columbia,209.3,0,0,78.12,27.310502728777212
2023-02-01,British Columbia,211.7,0,0,76.83,27.31037982570256
2023-03-01,British Columbia,213.1,0,0,73.28,27.30953553445076
2023-04-01,British Columbia,216.7,0,0,79.45,27.30950545833899
2023-05-01,British Columbia,215.4,0,0,71.58,27.309561030636818
2023-06-01,British Columbia,223.8,0,0,70.25,27.309418446860526
2023-07-01,British Columbia,219.2,0,0,76.07,27.30948843275853
2023-08-01,British Columbia,225.2,0,0,81.39,27.310245039023908
2023-09-01,British Columbia,224.5,0,0,89.43,27.310167960667556
2023-10-01,British Columbia,213.6,0,0,85.64,27.310143519441088
2023-11-01,British Columbia,207.7,0,0,77.69,27.310569423517368
2023-12-01,British Columbia,201,0,0,71.9,27.31094818413091
2024-01-01,British Columbia,196,0,0,74.15,27.399353315988016
2024-02-01,British Columbia,202.3,0,0,77.25,27.447824298766907
2024-03-01,British Columbia,216.2,0,0,81.28,27.448504265705676
2024-04-01,British Columbia,228.9,0,0,85.35,27.447654507806448
2024-05-01,British Columbia,224.5,0,0,80.02,27.447745272367335
2024-06-01,British Columbia,214.7,0,0,79.77,27.447373060559947
2024-07-01,British Columbia,213.5,0,0,81.8,27.447672483142746
2024-08-01,British Columbia,210.8,0,0,76.68,27.44743009510735
2024-09-01,British Columbia,206.5,0,0,70.24,27.44734364942756
2024-10-01,British Columbia,206.1,0,0,71.99,27.447758812806484
2024-11-01,British Columbia,205.8,0,0,69.95,27.447457972169843
2024-12-01,British Columbia,203.8,0,0,70.12,27.447339657145637
2025-01-01,British Columbia,213.5,0,0,75.74,27.666408191252394
2025-02-01,British Columbia,218.6,0,0,71.53,27.666259955149204
2025-03-01,British Columbia,214.8,0,0,68.24,27.66653600863819
2018-01-01,Manitoba,145.2,0,0,63.7,5.4256429097995715
2018-02-01,Manitoba,143.1,0,0,62.23,5.412871052075907
2018-03-01,Manitoba,144.9,0,0,62.73,5.412637414618999
2018-04-01,Manitoba,154.5,0,0,66.25,5.413010028276158
2018-05-01,Manitoba,157.7,0,0,69.98,5.413214145732214
2018-06-01,Manitoba,159.9,0,0,67.87,5.413096663672066
2018-07-01,Manitoba,158.6,0,0,70.98,5.412859698790045
2018-08-01,Manitoba,155.4,0,0,68.06,5.412790133854531
2018-09-01,Manitoba,154.6,0,0,70.23,5.41270369546908
2018-10-01,Manitoba,151.1,0,0,70.75,5.41276323054282
2018-11-01,Manitoba,144.2,0,0,56.96,5.4126796544351
2018-12-01,Manitoba,139.5,0,0,49.52,5.412993550242324
2019-01-01,Manitoba,135.1,0,0,51.38,5.405346194698273
2019-02-01,Manitoba,141.2,0,0,54.95,5.3822802044460145
2019-03-01,Manitoba,149.4,0,0,58.15,5.3855222017366575
2019-04-01,Manitoba,164.3,0,0,63.86,5.386566475888482
2019-05-01,Manitoba,163.2,0,0,60.83,5.387402414058844
2019-06-01,Manitoba,157.3,0,0,54.66,5.3880090085350965
2019-07-01,Manitoba,157.8,0,0,57.35,5.410674669266337
2019-08-01,Manitoba,152.7,0,0,54.81,5.42499984948033
2019-09-01,Manitoba,153,0,0,56.95,5.425217793901541
2019-10-01,Manitoba,155.2,0,0,53.96,5.415392162081036
2019-11-01,Manitoba,148.2,0,0,57.03,5.415560559909089
2019-12-01,Manitoba,145.5,0,0,59.88,5.415576823097311
2020-01-01,Manitoba,144.1,0,0,57.52,5.2993889100231835
2020-02-01,Manitoba,144.4,0,0,50.54,4.9815083778880265
2020-03-01,Manitoba,130.9,0,0,29.21,5.120639098047319
2020-04-01,Manitoba,119.2,0,0,16.55,5.3290082380083845
2020-05-01,Manitoba,131.9,0,0,28.56,5.328970270759581
2020-06-01,Manitoba,139.7,0,0,38.31,5.329080226798876
2020-07-01,Manitoba,143.1,0,0,40.71,5.328939493308979
2020-08-01,Manitoba,141.9,0,0,42.34,5.329121323139913
2020-09-01,Manitoba,141,0,0,39.63,5.329209026857409
2020-10-01,Manitoba,144.4,0,0,39.4,5.328947749917828
2020-11-01,Manitoba,143.5,0,0,40.94,5.328940088140085
2020-12-01,Manitoba,144.7,0,0,47.02,5.329105359495049
2021-01-01,Manitoba,150.2,0,0,52,5.379799548503492
2021-02-01,Manitoba,154.5,0,0,59.04,5.386322844110737
2021-03-01,Manitoba,159.7,0,0,62.33,5.386271885430807
2021-04-01,Manitoba,165.8,0,0,61.72,5.386497152953907
2021-05-01,Manitoba,169.7,0,0,65.17,5.386001717258532
2021-06-01,Manitoba,169.2,0,0,71.38,5.386266928649825
2021-07-01,Manitoba,172.8,0,0,72.49,5.386261345068362
2021-08-01,Manitoba,174.1,0,0,67.73,5.38628377134193
2021-09-01,Manitoba,174.3,0,0,71.65,5.386383021148567
2021-10-01,Manitoba,182.1,0,0,81.48,5.386012096380414
2021-11-01,Manitoba,182.5,0,0,79.15,5.386227249906014
2021-12-01,Manitoba,176,0,0,71.71,5.386105156540952
2022-01-01,Manitoba,184.2,0,0,83.22,5.402831402582593
2022-02-01,Manitoba,189.1,0,0,91.64,5.419320315689632
2022-03-01,Manitoba,207.7,0,0,108.5,5.427933264044144
2022-04-01,Manitoba,209.5,0,0,101.78,5.462132918386455
2022-05-01,Manitoba,221,0,0,109.55,5.462125450632784
2022-06-01,Manitoba,238,0,0,114.84,5.462162572075474
2022-07-01,Manitoba,226.3,0,0,101.62,5.462303830099028
2022-08-01,Manitoba,210.2,0,0,93.67,5.462207073822043
2022-09-01,Manitoba,209.6,0,0,84.26,5.462307630613126
2022-10-01,Manitoba,221.3,0,0,87.55,5.4621563962978525
2022-11-01,Manitoba,214.7,0,0,84.37,5.462301908964822
2022-12-01,Manitoba,198.8,0,0,76.44,5.462104095499978
2023-01-01,Manitoba,196.1,0,0,78.12,5.462100545755443
2023-02-01,Manitoba,198.2,0,0,76.83,5.462075965140513
2023-03-01,Manitoba,197.1,0,0,73.28,5.461907106890152
2023-04-01,Manitoba,206.4,65,1,79.45,5.461901091667798
2023-05-01,Manitoba,205.4,65,1,71.58,5.461912206127364
2023-06-01,Manitoba,201.3,65,1,70.25,5.4618836893721054
2023-07-01,Manitoba,201.2,65,1,76.07,5.461897686551707
2023-08-01,Manitoba,205.2,65,1,81.39,5.462049007804782
2023-09-01,Manitoba,205.4,65,1,89.43,5.462033592133512
2023-10-01,Manitoba,199.6,65,1,85.64,5.462028703888218
2023-11-01,Manitoba,195.8,65,1,77.69,5.462113884703474
2023-12-01,Manitoba,184.4,65,1,71.9,5.462189636826182
2024-01-01,Manitoba,169.5,65,1,74.15,5.4798706631976035
2024-02-01,Manitoba,175.1,65,1,77.25,5.489564859753382
2024-03-01,Manitoba,182.6,65,1,81.28,5.4897008531411355
2024-04-01,Manitoba,188.4,80,1,85.35,5.48953090156129
2024-05-01,Manitoba,189.2,80,1,80.02,5.489549054473468
2024-06-01,Manitoba,185.7,80,1,79.77,5.48947461211199
2024-07-01,Manitoba,191.8,80,1,81.8,5.48953449662855
2024-08-01,Manitoba,193.4,80,1,76.68,5.48948601902147
2024-09-01,Manitoba,181.2,80,1,70.24,5.4894687298855125
2024-10-01,Manitoba,179.8,80,1,71.99,5.489551762561297
2024-11-01,Manitoba,177.3,80,1,69.95,5.489491594433969
2024-12-01,Manitoba,177.3,80,1,70.12,5.489467931429128
2025-01-01,Manitoba,194,80,1,75.74,5.533281638250479
2025-02-01,Manitoba,199.8,80,1,71.53,5.533251991029841
2025-03-01,Manitoba,197.6,80,1,68.24,5.533307201727638
2018-01-01,New Brunswick,158.5,0,0,63.7,47.299073279652504
2018-02-01,New Brunswick,158.3,0,0,62.23,47.29735471599225
2018-03-01,New Brunswick,157.8,0,0,62.73,47.13042773779369
2018-04-01,New Brunswick,163.4,0,0,66.25,47.129996765418554
2018-05-01,New Brunswick,168,0,0,69.98,47.1310029274531
2018-06-01,New Brunswick,166.4,0,0,67.87,47.131425145775914
2018-07-01,New Brunswick,167.2,0,0,70.98,47.130194867236476
2018-08-01,New Brunswick,166.6,0,0,68.06,47.12859137209874
2018-09-01,New Brunswick,167.4,0,0,70.23,47.132688196645674
2018-10-01,New Brunswick,168.3,0,0,70.75,47.13175679717577
2018-11-01,New Brunswick,160.1,0,0,56.96,47.129945524957606
2018-12-01,New Brunswick,153.3,0,0,49.52,47.12970998708322
2019-01-01,New Brunswick,150.4,0,0,51.38,47.16474547886978
2019-02-01,New Brunswick,152.9,0,0,54.95,47.30009790728893
2019-03-01,New Brunswick,159.8,0,0,58.15,47.2977034448458
2019-04-01,New Brunswick,170.6,0,0,63.86,47.29935643669617
2019-05-01,New Brunswick,170.9,0,0,60.83,47.297883882441056
2019-06-01,New Brunswick,162.8,0,0,54.66,47.29826885445872
2019-07-01,New Brunswick,166.7,0,0,57.35,47.299373005322366
2019-08-01,New Brunswick,164.9,0,0,54.81,47.29807964315922
2019-09-01,New Brunswick,163.3,0,0,56.95,47.29667308712337
2019-10-01,New Brunswick,164,0,0,53.96,47.29818773289652
2019-11-01,New Brunswick,164.9,0,0,57.03,47.298965285159525
2019-12-01,New Brunswick,164.8,0,0,59.88,47.29837963549046
2020-01-01,New Brunswick,164.6,0,0,57.52,47.561612357534415
2020-02-01,New Brunswick,159.9,0,0,50.54,47.82273433761248
2020-03-01,New Brunswick,147.3,0,0,29.21,47.8216379923288
2020-04-01,New Brunswick,131.5,0,0,16.55,47.82187789931162
2020-05-01,New Brunswick,136.5,0,0,28.56,47.82239917935723
2020-06-01,New Brunswick,144.1,0,0,38.31,47.819840788599
2020-07-01,New Brunswick,148.5,0,0,40.71,47.82071641934861
2020-08-01,New Brunswick,147.5,0,0,42.34,47.82174555935453
2020-09-01,New Brunswick,147.4,0,0,39.63,47.82167071796839
2020-10-01,New Brunswick,147.5,0,0,39.4,47.82087270013371
2020-11-01,New Brunswick,145.7,0,0,40.94,47.821956593592965
2020-12-01,New Brunswick,149.4,0,0,47.02,47.82251165887713
2021-01-01,New Brunswick,154.7,0,0,52,46.65243402004173
2021-02-01,New Brunswick,159.5,0,0,59.04,46.26173111137795
2021-03-01,New Brunswick,167.3,0,0,62.33,46.263414054970326
2021-04-01,New Brunswick,169.8,0,0,61.72,46.26683744371236
2021-05-01,New Brunswick,172.6,0,0,65.17,46.26535051486098
2021-06-01,New Brunswick,174,0,0,71.38,46.26410554935371
2021-07-01,New Brunswick,178,0,0,72.49,46.26228709681424
2021-08-01,New Brunswick,178.5,0,0,67.73,46.262917853410435
2021-09-01,New Brunswick,179.7,0,0,71.65,46.263258527607746
2021-10-01,New Brunswick,185,0,0,81.48,46.263549085640356
2021-11-01,New Brunswick,187.1,0,0,79.15,43.37015194478037
2021-12-01,New Brunswick,181.7,0,0,71.71,39.028818428097445
2022-01-01,New Brunswick,185.7,0,0,83.22,39.03073580429098
2022-02-01,New Brunswick,193.9,0,0,91.64,39.02790481766775
2022-03-01,New Brunswick,208.3,0,0,108.5,39.02980895630278
2022-04-01,New Brunswick,212.7,0,0,101.78,39.029828033820884
2022-05-01,New Brunswick,234.5,0,0,109.55,39.029471653376454
2022-06-01,New Brunswick,240.3,0,0,114.84,39.03053500489207
2022-07-01,New Brunswick,226.1,0,0,101.62,39.029184611332965
2022-08-01,New Brunswick,214.7,0,0,93.67,39.029849841249245
2022-09-01,New Brunswick,202.5,0,0,84.26,39.02869908221856
2022-10-01,New Brunswick,213.3,0,0,87.55,39.029743695836444
2022-11-01,New Brunswick,225,0,0,84.37,39.02944430458993
2022-12-01,New Brunswick,201.6,0,0,76.44,39.02973076671755
2023-01-01,New Brunswick,203.4,0,0,78.12,39.0304050854406
2023-02-01,New Brunswick,206.6,0,0,76.83,39.02799628552349
2023-03-01,New Brunswick,199.5,0,0,73.28,39.02786528677432
2023-04-01,New Brunswick,209.4,65,1,79.45,39.0295185763609
2023-05-01,New Brunswick,200.1,65,1,71.58,39.0297581228212
2023-06-01,New Brunswick,201.8,65,1,70.25,39.02847522313727
2023-07-01,New Brunswick,209.5,65,1,76.07,39.02968682775956
2023-08-01,New Brunswick,219,65,1,81.39,39.02806063424284
2023-09-01,New Brunswick,222.3,65,1,89.43,39.02788025347885
2023-10-01,New Brunswick,211,65,1,85.64,39.03057337534526
2023-11-01,New Brunswick,205.1,65,1,77.69,39.03023107423742
2023-12-01,New Brunswick,200.2,65,1,71.9,39.0281547745563
2024-01-01,New Brunswick,196.7,65,1,74.15,39.02988341658238
2024-02-01,New Brunswick,202,65,1,77.25,39.02918031273222
2024-03-01,New Brunswick,204,65,1,81.28,39.03008709756205
2024-04-01,New Brunswick,222.7,80,1,85.35,39.02912103264833
2024-05-01,New Brunswick,217.7,80,1,80.02,39.02915344197929
2024-06-01,New Brunswick,213.1,80,1,79.77,39.02888842437826
2024-07-01,New Brunswick,216.8,80,1,81.8,39.028803800023894
2024-08-01,New Brunswick,211.8,80,1,76.68,39.031421135773954
2024-09-01,New Brunswick,201.8,80,1,70.24,39.02944737375845
2024-10-01,New Brunswick,204.3,80,1,71.99,39.0301475425494
2024-11-01,New Brunswick,206.1,80,1,69.95,39.02941770831925
2024-12-01,New Brunswick,205,80,1,70.12,39.029789597934005
2025-01-01,New Brunswick,204.3,80,1,75.74,39.02968350344518
2025-02-01,New Brunswick,206.5,80,1,71.53,39.030839291654644
2025-03-01,New Brunswick,201.2,80,1,68.24,39.03055292679217
2018-01-01,Newfoundland and Labrador,168.8,0,0,63.7,13.514020937043576
2018-02-01,Newfoundland and Labrador,168.5,0,0,62.23,13.513529918854928
2018-03-01,Newfoundland and Labrador,168.3,0,0,62.73,13.465836496512484
2018-04-01,Newfoundland and Labrador,175.1,0,0,66.25,13.465713361548161
2018-05-01,Newfoundland and Labrador,180.4,0,0,69.98,13.466000836415175
2018-06-01,Newfoundland and Labrador,179.1,0,0,67.87,13.466121470221692
2018-07-01,Newfoundland and Labrador,184.1,0,0,70.98,13.465769962067567
2018-08-01,Newfoundland and Labrador,181.9,0,0,68.06,13.465311820599641
2018-09-01,Newfoundland and Labrador,182.3,0,0,70.23,13.466482341898766
2018-10-01,Newfoundland and Labrador,182.9,0,0,70.75,13.466216227764505
2018-11-01,Newfoundland and Labrador,174.3,0,0,56.96,13.465698721416459
2018-12-01,Newfoundland and Labrador,166,0,0,49.52,13.46563142488092
2019-01-01,Newfoundland and Labrador,163.3,0,0,51.38,13.475641565391369
2019-02-01,Newfoundland and Labrador,167.5,0,0,54.95,13.514313687796838
2019-03-01,Newfoundland and Labrador,174.4,0,0,58.15,13.51362955567023
2019-04-01,Newfoundland and Labrador,180.7,0,0,63.86,13.514101839056051
2019-05-01,Newfoundland and Labrador,181,0,0,60.83,13.513681109268873
2019-06-01,Newfoundland and Labrador,171.9,0,0,54.66,13.513791101273922
2019-07-01,Newfoundland and Labrador,177,0,0,57.35,13.514106572949249
2019-08-01,Newfoundland and Labrador,173.5,0,0,54.81,13.513737040902635
2019-09-01,Newfoundland and Labrador,172.5,0,0,56.95,13.513335167749535
2019-10-01,Newfoundland and Labrador,177.8,0,0,53.96,13.513767923684723
2019-11-01,Newfoundland and Labrador,178.3,0,0,57.03,13.513990081474152
2019-12-01,Newfoundland and Labrador,178.2,0,0,59.88,13.513822752997278
2020-01-01,Newfoundland and Labrador,179.3,0,0,57.52,13.589032102152693
2020-02-01,Newfoundland and Labrador,174.5,0,0,50.54,13.663638382174994
2020-03-01,Newfoundland and Labrador,160.9,0,0,29.21,13.663325140665373
2020-04-01,Newfoundland and Labrador,145.2,0,0,16.55,13.663393685517608
2020-05-01,Newfoundland and Labrador,149.4,0,0,28.56,13.663542622673496
2020-06-01,Newfoundland and Labrador,158.6,0,0,38.31,13.66281165388543
2020-07-01,Newfoundland and Labrador,163,0,0,40.71,13.663061834099603
2020-08-01,Newfoundland and Labrador,162.5,0,0,42.34,13.663355874101297
2020-09-01,Newfoundland and Labrador,161.9,0,0,39.63,13.663334490848113
2020-10-01,Newfoundland and Labrador,163.7,0,0,39.4,13.663106485752492
2020-11-01,Newfoundland and Labrador,165.4,0,0,40.94,13.663416169597992
2020-12-01,Newfoundland and Labrador,170.6,0,0,47.02,13.663574759679182
2021-01-01,Newfoundland and Labrador,176.5,0,0,52,13.32926686286907
2021-02-01,Newfoundland and Labrador,180.6,0,0,59.04,13.217637460393702
2021-03-01,Newfoundland and Labrador,189.3,0,0,62.33,13.218118301420095
2021-04-01,Newfoundland and Labrador,189.3,0,0,61.72,13.219096412489248
2021-05-01,Newfoundland and Labrador,191.7,0,0,65.17,13.218671575674566
2021-06-01,Newfoundland and Labrador,193.4,0,0,71.38,13.218315871243917
2021-07-01,Newfoundland and Labrador,201.7,0,0,72.49,13.2177963133755
2021-08-01,Newfoundland and Labrador,200.9,0,0,67.73,13.21797652954584
2021-09-01,Newfoundland and Labrador,202.5,0,0,71.65,13.218073865030787
2021-10-01,Newfoundland and Labrador,208.2,0,0,81.48,13.218156881611533
2021-11-01,Newfoundland and Labrador,207.8,0,0,79.15,12.391471984222964
2021-12-01,Newfoundland and Labrador,200.9,0,0,71.71,11.151090979456415
2022-01-01,Newfoundland and Labrador,208.3,0,0,83.22,11.151638801225994
2022-02-01,Newfoundland and Labrador,219.7,0,0,91.64,11.150829947905073
2022-03-01,Newfoundland and Labrador,238.4,0,0,108.5,11.15137398751508
2022-04-01,Newfoundland and Labrador,245.8,0,0,101.78,11.15137943823454
2022-05-01,Newfoundland and Labrador,270.7,0,0,109.55,11.151277615250416
2022-06-01,Newfoundland and Labrador,268.7,0,0,114.84,11.151581429969164
2022-07-01,Newfoundland and Labrador,250.6,0,0,101.62,11.151195603237992
2022-08-01,Newfoundland and Labrador,236.2,0,0,93.67,11.151385668928356
2022-09-01,Newfoundland and Labrador,224.6,0,0,84.26,11.151056880633874
2022-10-01,Newfoundland and Labrador,240.4,0,0,87.55,11.151355341667557
2022-11-01,Newfoundland and Labrador,239.4,0,0,84.37,11.15126980131141
2022-12-01,Newfoundland and Labrador,216.7,0,0,76.44,11.151351647633588
2023-01-01,Newfoundland and Labrador,222.9,0,0,78.12,11.151544310125887
2023-02-01,Newfoundland and Labrador,229.2,0,0,76.83,11.150856081578143
2023-03-01,Newfoundland and Labrador,220.5,0,0,73.28,11.150818653364093
2023-04-01,Newfoundland and Labrador,226.2,65,1,79.45,11.1512910218174
2023-05-01,Newfoundland and Labrador,216.9,65,1,71.58,11.151359463663201
2023-06-01,Newfoundland and Labrador,219.3,65,1,70.25,11.150992920896364
2023-07-01,Newfoundland and Labrador,231.4,65,1,76.07,11.15133909364559
2023-08-01,Newfoundland and Labrador,243.8,65,1,81.39,11.150874466926528
2023-09-01,Newfoundland and Labrador,246.3,65,1,89.43,11.150822929565386
2023-10-01,Newfoundland and Labrador,232.9,65,1,85.64,11.151592392955791
2023-11-01,Newfoundland and Labrador,227,65,1,77.69,11.151494592639263
2023-12-01,Newfoundland and Labrador,222.7,65,1,71.9,11.150901364158944
2024-01-01,Newfoundland and Labrador,218.5,65,1,74.15,11.15139526188068
2024-02-01,Newfoundland and Labrador,225.3,65,1,77.25,11.15119437506635
2024-03-01,Newfoundland and Labrador,229,65,1,81.28,11.151453456446303
2024-04-01,Newfoundland and Labrador,240.7,80,1,85.35,11.151177437899523
2024-05-01,Newfoundland and Labrador,237.3,80,1,80.02,11.151186697708368
2024-06-01,Newfoundland and Labrador,231.2,80,1,79.77,11.15111097839379
2024-07-01,Newfoundland and Labrador,234.4,80,1,81.8,11.151086800006828
2024-08-01,Newfoundland and Labrador,235.2,80,1,76.68,11.15183461022113
2024-09-01,Newfoundland and Labrador,225,80,1,70.24,11.151270678216703
2024-10-01,Newfoundland and Labrador,227.2,80,1,71.99,11.151470726442689
2024-11-01,Newfoundland and Labrador,228.7,80,1,69.95,11.15126220237693
2024-12-01,Newfoundland and Labrador,228,80,1,70.12,11.151368456552575
2025-01-01,Newfoundland and Labrador,233.1,80,1,75.74,11.15133814384148
2025-02-01,Newfoundland and Labrador,235.3,80,1,71.53,11.151668369044186
2025-03-01,Newfoundland and Labrador,232.6,80,1,68.24,11.15158655051205
2018-01-01,Nova Scotia,166.1,0,0,63.7,0
2018-02-01,Nova Scotia,166,0,0,62.23,0
2018-03-01,Nova Scotia,165.9,0,0,62.73,0
2018-04-01,Nova Scotia,172.9,0,0,66.25,0
2018-05-01,Nova Scotia,177.5,0,0,69.98,0
2018-06-01,Nova Scotia,175.3,0,0,67.87,0
2018-07-01,Nova Scotia,175.8,0,0,70.98,0
2018-08-01,Nova Scotia,174.3,0,0,68.06,0
2018-09-01,Nova Scotia,173.9,0,0,70.23,0
2018-10-01,Nova Scotia,174.5,0,0,70.75,0
2018-11-01,Nova Scotia,165.1,0,0,56.96,0
2018-12-01,Nova Scotia,158.1,0,0,49.52,0
2019-01-01,Nova Scotia,158.2,0,0,51.38,0
2019-02-01,Nova Scotia,161.3,0,0,54.95,0
2019-03-01,Nova Scotia,169.7,0,0,58.15,0
2019-04-01,Nova Scotia,177.2,0,0,63.86,0
2019-05-01,Nova Scotia,177.4,0,0,60.83,0
2019-06-01,Nova Scotia,167.3,0,0,54.66,0
2019-07-01,Nova Scotia,171.9,0,0,57.35,0
2019-08-01,Nova Scotia,167.8,0,0,54.81,0
2019-09-01,Nova Scotia,166.2,0,0,56.95,0
2019-10-01,Nova Scotia,167.9,0,0,53.96,0
2019-11-01,Nova Scotia,168.4,0,0,57.03,0
2019-12-01,Nova Scotia,168,0,0,59.88,0
2020-01-01,Nova Scotia,168.9,0,0,57.52,0
2020-02-01,Nova Scotia,165,0,0,50.54,0
2020-03-01,Nova Scotia,147.3,0,0,29.21,0
2020-04-01,Nova Scotia,131.6,0,0,16.55,0
2020-05-01,Nova Scotia,133.8,0,0,28.56,0
2020-06-01,Nova Scotia,141.6,0,0,38.31,0
2020-07-01,Nova Scotia,147.5,0,0,40.71,0
2020-08-01,Nova Scotia,148,0,0,42.34,0
2020-09-01,Nova Scotia,147.5,0,0,39.63,0
2020-10-01,Nova Scotia,147.4,0,0,39.4,0
2020-11-01,Nova Scotia,146,0,0,40.94,0
2020-12-01,Nova Scotia,151.7,0,0,47.02,0
2021-01-01,Nova Scotia,161.2,0,0,52,0
2021-02-01,Nova Scotia,167.3,0,0,59.04,0
2021-03-01,Nova Scotia,176.7,0,0,62.33,0
2021-04-01,Nova Scotia,176.4,0,0,61.72,0
2021-05-01,Nova Scotia,178.1,0,0,65.17,0
2021-06-01,Nova Scotia,179.4,0,0,71.38,0
2021-07-01,Nova Scotia,184.1,0,0,72.49,0
2021-08-01,Nova Scotia,183.7,0,0,67.73,0
2021-09-01,Nova Scotia,184.3,0,0,71.65,0
2021-10-01,Nova Scotia,191.8,0,0,81.48,0
2021-11-01,Nova Scotia,192.8,0,0,79.15,0
2021-12-01,Nova Scotia,185.3,0,0,71.71,0
2022-01-01,Nova Scotia,195.7,0,0,83.22,0
2022-02-01,Nova Scotia,207.6,0,0,91.64,0
2022-03-01,Nova Scotia,231.4,0,0,108.5,0
2022-04-01,Nova Scotia,231.5,0,0,101.78,0
2022-05-01,Nova Scotia,261.4,0,0,109.55,0
2022-06-01,Nova Scotia,261.6,0,0,114.84,0
2022-07-01,Nova Scotia,245.1,0,0,101.62,0
2022-08-01,Nova Scotia,229.8,0,0,93.67,0
2022-09-01,Nova Scotia,218.6,0,0,84.26,0
2022-10-01,Nova Scotia,237.3,0,0,87.55,0
2022-11-01,Nova Scotia,248.9,0,0,84.37,0
2022-12-01,Nova Scotia,216.7,0,0,76.44,0
2023-01-01,Nova Scotia,218.5,0,0,78.12,0
2023-02-01,Nova Scotia,223.5,0,0,76.83,0
2023-03-01,Nova Scotia,213.2,0,0,73.28,0
2023-04-01,Nova Scotia,220.8,65,1,79.45,0
2023-05-01,Nova Scotia,208,65,1,71.58,0
2023-06-01,Nova Scotia,209.3,65,1,70.25,0
2023-07-01,Nova Scotia,230.9,65,1,76.07,0
2023-08-01,Nova Scotia,243,65,1,81.39,0
2023-09-01,Nova Scotia,245.5,65,1,89.43,0
2023-10-01,Nova Scotia,233.8,65,1,85.64,0
2023-11-01,Nova Scotia,227.8,65,1,77.69,0
2023-12-01,Nova Scotia,221.2,65,1,71.9,0
2024-01-01,Nova Scotia,224.2,65,1,74.15,0
2024-02-01,Nova Scotia,229.7,65,1,77.25,0
2024-03-01,Nova Scotia,232.2,65,1,81.28,0
2024-04-01,Nova Scotia,239.6,80,1,85.35,0
2024-05-01,Nova Scotia,239.2,80,1,80.02,0
2024-06-01,Nova Scotia,232.3,80,1,79.77,0
2024-07-01,Nova Scotia,235.6,80,1,81.8,0
2024-08-01,Nova Scotia,229.9,80,1,76.68,0
2024-09-01,Nova Scotia,218.1,80,1,70.24,0
2024-10-01,Nova Scotia,217.9,80,1,71.99,0
2024-11-01,Nova Scotia,220.9,80,1,69.95,0
2024-12-01,Nova Scotia,219.6,80,1,70.12,0
2025-01-01,Nova Scotia,230.8,80,1,75.74,0
2025-02-01,Nova Scotia,233.2,80,1,71.53,0
2025-03-01,Nova Scotia,227.7,80,1,68.24,0
2018-01-01,Ontario,163.2,0,0,63.7,66.71792678025791
2018-02-01,Ontario,162.3,0,0,62.23,66.82811390988631
2018-03-01,Ontario,164.1,0,0,62.73,66.82801091658374
2018-04-01,Ontario,168.2,0,0,66.25,66.82757252549989
2018-05-01,Ontario,170.5,0,0,69.98,66.82689215043914
2018-06-01,Ontario,168,0,0,67.87,66.8267129230077
2018-07-01,Ontario,168.6,0,0,70.98,66.823623428021
2018-08-01,Ontario,167.1,0,0,68.06,66.82770129838056
2018-09-01,Ontario,164.6,0,0,70.23,66.82773348646299
2018-10-01,Ontario,160.7,0,0,70.75,66.82609333178446
2018-11-01,Ontario,152.4,0,0,56.96,66.83138890260676
2018-12-01,Ontario,147.4,0,0,49.52,66.82762879472932
2019-01-01,Ontario,146.2,0,0,51.38,66.80875386616432
2019-02-01,Ontario,145.8,0,0,54.95,66.74720146794837
2019-03-01,Ontario,155.4,0,0,58.15,66.74903634944762
2019-04-01,Ontario,165.4,0,0,63.86,66.74342519534082
2019-05-01,Ontario,167.1,0,0,60.83,66.74436147702725
2019-06-01,Ontario,161.1,0,0,54.66,66.74302966306647
2019-07-01,Ontario,165.5,0,0,57.35,66.74748068880244
2019-08-01,Ontario,160.7,0,0,54.81,66.74787723595574
2019-09-01,Ontario,159.5,0,0,56.95,66.74534825545453
2019-10-01,Ontario,158,0,0,53.96,66.74613252813454
2019-11-01,Ontario,159,0,0,57.03,66.74768217577338
2019-12-01,Ontario,158.7,0,0,59.88,66.74782334319346
2020-01-01,Ontario,158.1,0,0,57.52,66.11356961764588
2020-02-01,Ontario,155.3,0,0,50.54,65.4788088725483
2020-03-01,Ontario,136.7,0,0,29.21,65.4795184304005
2020-04-01,Ontario,125.6,0,0,16.55,65.47881249547898
2020-05-01,Ontario,133.4,0,0,28.56,65.4790562427733
2020-06-01,Ontario,146.3,0,0,38.31,65.48873464951544
2020-07-01,Ontario,149.6,0,0,40.71,65.48025799990084
2020-08-01,Ontario,149.3,0,0,42.34,65.48326802041979
2020-09-01,Ontario,147.8,0,0,39.63,65.4846708925339
2020-10-01,Ontario,150.5,0,0,39.4,65.48209371672661
2020-11-01,Ontario,150,0,0,40.94,65.47855298034453
2020-12-01,Ontario,153.2,0,0,47.02,65.4836635773796
2021-01-01,Ontario,150.4,0,0,52,65.48134143687491
2021-02-01,Ontario,156.8,0,0,59.04,65.48612145096408
2021-03-01,Ontario,166,0,0,62.33,65.48182397646858
2021-04-01,Ontario,170.1,0,0,61.72,65.48235096303314
2021-05-01,Ontario,173.2,0,0,65.17,65.48167813144327
2021-06-01,Ontario,174.9,0,0,71.38,65.48373313899785
2021-07-01,Ontario,177.1,0,0,72.49,65.48415159789272
2021-08-01,Ontario,177.8,0,0,67.73,65.47970755206516
2021-09-01,Ontario,178.4,0,0,71.65,65.47851177618375
2021-10-01,Ontario,187.8,0,0,81.48,65.4789807942745
2021-11-01,Ontario,187.9,0,0,79.15,65.48249879440716
2021-12-01,Ontario,182.8,0,0,71.71,65.48532901144128
2022-01-01,Ontario,187,0,0,83.22,65.48229355276901
2022-02-01,Ontario,197.5,0,0,91.64,65.48158808354344
2022-03-01,Ontario,212.4,0,0,108.5,65.47995261782303
2022-04-01,Ontario,215.5,0,0,101.78,65.48127990675079
2022-05-01,Ontario,234.6,0,0,109.55,65.48269820222839
2022-06-01,Ontario,239.6,0,0,114.84,65.48077006623741
2022-07-01,Ontario,227,0,0,101.62,65.47948846407108
2022-08-01,Ontario,215.3,0,0,93.67,65.48132436882658
2022-09-01,Ontario,203.1,0,0,84.26,65.48173346522597
2022-10-01,Ontario,216.4,0,0,87.55,65.4841501735839
2022-11-01,Ontario,214.3,0,0,84.37,65.48501811234364
2022-12-01,Ontario,197.6,0,0,76.44,65.47941050386456
2023-01-01,Ontario,203.8,0,0,78.12,65.48136238970386
2023-02-01,Ontario,200.7,0,0,76.83,65.48473322888786
2023-03-01,Ontario,201,0,0,73.28,65.48205602118713
2023-04-01,Ontario,203.6,65,1,79.45,65.48327972894295
2023-05-01,Ontario,202.7,65,1,71.58,65.48170217885858
2023-06-01,Ontario,205,65,1,70.25,65.4855103896847
2023-07-01,Ontario,208.2,65,1,76.07,65.48343010244156
2023-08-01,Ontario,214.4,65,1,81.39,65.48290725415467
2023-09-01,Ontario,211.9,65,1,89.43,65.48225893195455
2023-10-01,Ontario,202.3,65,1,85.64,65.48262897294308
2023-11-01,Ontario,200.3,65,1,77.69,65.48194637300233
2023-12-01,Ontario,196,65,1,71.9,65.48395115014563
2024-01-01,Ontario,195.7,65,1,74.15,65.8676987440951
2024-02-01,Ontario,199.7,65,1,77.25,66.44978316318878
2024-03-01,Ontario,203.9,65,1,81.28,66.4493063608829
2024-04-01,Ontario,214,80,1,85.35,66.44873748362072
2024-05-01,Ontario,212.3,80,1,80.02,66.45080692117492
2024-06-01,Ontario,209.3,80,1,79.77,66.44739506104492
2024-07-01,Ontario,213.1,80,1,81.8,66.44662505297994
2024-08-01,Ontario,208.2,80,1,76.68,66.44735515375609
2024-09-01,Ontario,198.2,80,1,70.24,66.44733682301002
2024-10-01,Ontario,199.4,80,1,71.99,66.44840586204991
2024-11-01,Ontario,200.1,80,1,69.95,66.44707183073558
2024-12-01,Ontario,199.7,80,1,70.12,66.44604227431796
2025-01-01,Ontario,205.4,80,1,75.74,66.44936225932642
2025-02-01,Ontario,204.9,80,1,71.53,66.4515390913247
2025-03-01,Ontario,203.3,80,1,68.24,66.44569535349096
2018-01-01,Prince Edward Island,180.9,0,0,63.7,0
2018-02-01,Prince Edward Island,180.3,0,0,62.23,0
2018-03-01,Prince Edward Island,182.5,0,0,62.73,0
2018-04-01,Prince Edward Island,188.4,0,0,66.25,0
2018-05-01,Prince Edward Island,195.3,0,0,69.98,0
2018-06-01,Prince Edward Island,195.5,0,0,67.87,0
2018-07-01,Prince Edward Island,192.1,0,0,70.98,0
2018-08-01,Prince Edward Island,187.9,0,0,68.06,0
2018-09-01,Prince Edward Island,187.6,0,0,70.23,0
2018-10-01,Prince Edward Island,191.3,0,0,70.75,0
2018-11-01,Prince Edward Island,183.5,0,0,56.96,0
2018-12-01,Prince Edward Island,170.3,0,0,49.52,0
2019-01-01,Prince Edward Island,164,0,0,51.38,0
2019-02-01,Prince Edward Island,169.1,0,0,54.95,0
2019-03-01,Prince Edward Island,177.9,0,0,58.15,0
2019-04-01,Prince Edward Island,188,0,0,63.86,0
2019-05-01,Prince Edward Island,192.2,0,0,60.83,0
2019-06-01,Prince Edward Island,179.3,0,0,54.66,0
2019-07-01,Prince Edward Island,184.6,0,0,57.35,0
2019-08-01,Prince Edward Island,177.7,0,0,54.81,0
2019-09-01,Prince Edward Island,178.2,0,0,56.95,0
2019-10-01,Prince Edward Island,179.6,0,0,53.96,0
2019-11-01,Prince Edward Island,180,0,0,57.03,0
2019-12-01,Prince Edward Island,180.1,0,0,59.88,0
2020-01-01,Prince Edward Island,181.5,0,0,57.52,0
2020-02-01,Prince Edward Island,172.3,0,0,50.54,0
2020-03-01,Prince Edward Island,153.5,0,0,29.21,0
2020-04-01,Prince Edward Island,134.4,0,0,16.55,0
2020-05-01,Prince Edward Island,134.9,0,0,28.56,0
2020-06-01,Prince Edward Island,145.6,0,0,38.31,0
2020-07-01,Prince Edward Island,153.6,0,0,40.71,0
2020-08-01,Prince Edward Island,153.4,0,0,42.34,0
2020-09-01,Prince Edward Island,152.4,0,0,39.63,0
2020-10-01,Prince Edward Island,153.4,0,0,39.4,0
2020-11-01,Prince Edward Island,150.9,0,0,40.94,0
2020-12-01,Prince Edward Island,158.1,0,0,47.02,0
2021-01-01,Prince Edward Island,165.4,0,0,52,0
2021-02-01,Prince Edward Island,173,0,0,59.04,0
2021-03-01,Prince Edward Island,184.9,0,0,62.33,0
2021-04-01,Prince Edward Island,187,0,0,61.72,0
2021-05-01,Prince Edward Island,190.9,0,0,65.17,0
2021-06-01,Prince Edward Island,194,0,0,71.38,0
2021-07-01,Prince Edward Island,200.9,0,0,72.49,0
2021-08-01,Prince Edward Island,201.9,0,0,67.73,0
2021-09-01,Prince Edward Island,203.4,0,0,71.65,0
2021-10-01,Prince Edward Island,214.8,0,0,81.48,0
2021-11-01,Prince Edward Island,216,0,0,79.15,0
2021-12-01,Prince Edward Island,202.8,0,0,71.71,0
2022-01-01,Prince Edward Island,221.2,0,0,83.22,0
2022-02-01,Prince Edward Island,231.3,0,0,91.64,0
2022-03-01,Prince Edward Island,262.2,0,0,108.5,0
2022-04-01,Prince Edward Island,262.8,0,0,101.78,0
2022-05-01,Prince Edward Island,311.6,0,0,109.55,0
2022-06-01,Prince Edward Island,305.9,0,0,114.84,0
2022-07-01,Prince Edward Island,285.3,0,0,101.62,0
2022-08-01,Prince Edward Island,263.2,0,0,93.67,0
2022-09-01,Prince Edward Island,253.1,0,0,84.26,0
2022-10-01,Prince Edward Island,276.4,0,0,87.55,0
2022-11-01,Prince Edward Island,288.8,0,0,84.37,0
2022-12-01,Prince Edward Island,247.7,0,0,76.44,0
2023-01-01,Prince Edward Island,255.2,0,0,78.12,0
2023-02-01,Prince Edward Island,260.1,0,0,76.83,0
2023-03-01,Prince Edward Island,244.1,0,0,73.28,0
2023-04-01,Prince Edward Island,242.9,65,1,79.45,0
2023-05-01,Prince Edward Island,229.6,65,1,71.58,0
2023-06-01,Prince Edward Island,232.2,65,1,70.25,0
2023-07-01,Prince Edward Island,252.4,65,1,76.07,0
2023-08-01,Prince Edward Island,271.8,65,1,81.39,0
2023-09-01,Prince Edward Island,273.5,65,1,89.43,0
2023-10-01,Prince Edward Island,255.8,65,1,85.64,0
2023-11-01,Prince Edward Island,247.5,65,1,77.69,0
2023-12-01,Prince Edward Island,243.9,65,1,71.9,0
2024-01-01,Prince Edward Island,241.6,65,1,74.15,0
2024-02-01,Prince Edward Island,247.3,65,1,77.25,0
2024-03-01,Prince Edward Island,249.7,65,1,81.28,0
2024-04-01,Prince Edward Island,257,80,1,85.35,0
2024-05-01,Prince Edward Island,256.5,80,1,80.02,0
2024-06-01,Prince Edward Island,249.7,80,1,79.77,0
2024-07-01,Prince Edward Island,256.2,80,1,81.8,0
2024-08-01,Prince Edward Island,249.4,80,1,76.68,0
2024-09-01,Prince Edward Island,234.3,80,1,70.24,0
2024-10-01,Prince Edward Island,238.1,80,1,71.99,0
2024-11-01,Prince Edward Island,242.2,80,1,69.95,0
2024-12-01,Prince Edward Island,238.7,80,1,70.12,0
2025-01-01,Prince Edward Island,254.6,80,1,75.74,0
2025-02-01,Prince Edward Island,256.8,80,1,71.53,0
2025-03-01,Prince Edward Island,245.5,80,1,68.24,0
2018-01-01,Quebec,152.7,0,0,63.7,74.32711515373967
2018-02-01,Quebec,152.7,0,0,62.23,74.32441455370211
2018-03-01,Quebec,154.7,0,0,62.73,74.06210073081867
2018-04-01,Quebec,158.9,0,0,66.25,74.06142348851489
2018-05-01,Quebec,162.1,0,0,69.98,74.06300460028346
2018-06-01,Quebec,159.8,0,0,67.87,74.06366808621931
2018-07-01,Quebec,159,0,0,70.98,74.06173479137162
2018-08-01,Quebec,158.9,0,0,68.06,74.05921501329803
2018-09-01,Quebec,159.3,0,0,70.23,74.06565288044321
2018-10-01,Quebec,156,0,0,70.75,74.06418925270478
2018-11-01,Quebec,148,0,0,56.96,74.06134296779052
2018-12-01,Quebec,143.1,0,0,49.52,74.06097283684507
2019-01-01,Quebec,142.1,0,0,51.38,74.11602860965253
2019-02-01,Quebec,142.7,0,0,54.95,74.32872528288262
2019-03-01,Quebec,150.6,0,0,58.15,74.32496255618626
2019-04-01,Quebec,155.9,0,0,63.86,74.32756011480828
2019-05-01,Quebec,158,0,0,60.83,74.3252461009788
2019-06-01,Quebec,152,0,0,54.66,74.32585105700657
2019-07-01,Quebec,154.6,0,0,57.35,74.32758615122087
2019-08-01,Quebec,150,0,0,54.81,74.3255537249645
2019-09-01,Quebec,148.6,0,0,56.95,74.32334342262244
2019-10-01,Quebec,148.6,0,0,53.96,74.32572358026597
2019-11-01,Quebec,148.4,0,0,57.03,74.32694544810784
2019-12-01,Quebec,147.9,0,0,59.88,74.32602514148503
2020-01-01,Quebec,147.7,0,0,57.52,74.73967656183981
2020-02-01,Quebec,145.6,0,0,50.54,75.15001110196248
2020-03-01,Quebec,134.8,0,0,29.21,75.14828827365956
2020-04-01,Quebec,123,0,0,16.55,75.14866527034685
2020-05-01,Quebec,129.3,0,0,28.56,75.14948442470423
2020-06-01,Quebec,135.2,0,0,38.31,75.14546409636988
2020-07-01,Quebec,138.7,0,0,40.71,75.14684008754782
2020-08-01,Quebec,138.1,0,0,42.34,75.14845730755714
2020-09-01,Quebec,137.1,0,0,39.63,75.14833969966462
2020-10-01,Quebec,135.5,0,0,39.4,75.1470856716387
2020-11-01,Quebec,135.2,0,0,40.94,75.14878893278896
2020-12-01,Quebec,138.9,0,0,47.02,75.1496611782355
2021-01-01,Quebec,143.1,0,0,52,73.31096774577988
2021-02-01,Quebec,147.8,0,0,59.04,72.69700603216536
2021-03-01,Quebec,152.7,0,0,62.33,72.69965065781052
2021-04-01,Quebec,153.1,0,0,61.72,72.70503026869086
2021-05-01,Quebec,156.7,0,0,65.17,72.70269366621012
2021-06-01,Quebec,158.5,0,0,71.38,72.70073729184155
2021-07-01,Quebec,160.8,0,0,72.49,72.69787972356525
2021-08-01,Quebec,162.4,0,0,67.73,72.69887091250213
2021-09-01,Quebec,164.1,0,0,71.65,72.69940625766932
2021-10-01,Quebec,169.1,0,0,81.48,72.69986284886343
2021-11-01,Quebec,170.9,0,0,79.15,68.1530959132263
2021-12-01,Quebec,168,0,0,71.71,61.331000387010285
2022-01-01,Quebec,171.9,0,0,83.22,61.33401340674297
2022-02-01,Quebec,180.2,0,0,91.64,61.32956471347791
2022-03-01,Quebec,194.2,0,0,108.5,61.332556931332945
2022-04-01,Quebec,195.1,0,0,101.78,61.33258691028997
2022-05-01,Quebec,214.3,0,0,109.55,61.33202688387729
2022-06-01,Quebec,221.5,0,0,114.84,61.333697864830405
2022-07-01,Quebec,209,0,0,101.62,61.331575817808954
2022-08-01,Quebec,198.5,0,0,93.67,61.33262117910596
2022-09-01,Quebec,184.1,0,0,84.26,61.330812843486314
2022-10-01,Quebec,191.3,0,0,87.55,61.332454379171566
2022-11-01,Quebec,195.1,0,0,84.37,61.33198390721275
2022-12-01,Quebec,179,0,0,76.44,61.33243406198473
2023-01-01,Quebec,183.7,0,0,78.12,61.33349370569238
2023-02-01,Quebec,181,0,0,76.83,61.32970844867979
2023-03-01,Quebec,180.7,0,0,73.28,61.32950259350251
2023-04-01,Quebec,186.9,0,0,79.45,61.33210061999571
2023-05-01,Quebec,186.3,0,0,71.58,61.33247705014761
2023-06-01,Quebec,188.4,0,0,70.25,61.330461064930006
2023-07-01,Quebec,189.6,0,0,76.07,61.33236501505075
2023-08-01,Quebec,196.7,0,0,81.39,61.329809568095904
2023-09-01,Quebec,196.6,0,0,89.43,61.32952611260963
2023-10-01,Quebec,189.3,0,0,85.64,61.33375816125685
2023-11-01,Quebec,185.2,0,0,77.69,61.33322025951595
2023-12-01,Quebec,182,0,0,71.9,61.329957502874194
2024-01-01,Quebec,181,0,0,74.15,61.332673940343746
2024-02-01,Quebec,184.2,0,0,77.25,61.33156906286492
2024-03-01,Quebec,184.9,0,0,81.28,61.33299401045466
2024-04-01,Quebec,194.9,0,0,85.35,61.33147590844738
2024-05-01,Quebec,194.5,0,0,80.02,61.331526837396034
2024-06-01,Quebec,189.5,0,0,79.77,61.33111038116585
2024-07-01,Quebec,192.4,0,0,81.8,61.330977400037554
2024-08-01,Quebec,188.2,0,0,76.68,61.33509035621622
2024-09-01,Quebec,179.2,0,0,70.24,61.33198873019186
2024-10-01,Quebec,178.7,0,0,71.99,61.333088995434785
2024-11-01,Quebec,180.4,0,0,69.95,61.33194211307312
2024-12-01,Quebec,180.3,0,0,70.12,61.33252651103916
2025-01-01,Quebec,184.6,0,0,75.74,61.33235979112814
2025-02-01,Quebec,184,0,0,71.53,61.33417602974302
2025-03-01,Quebec,181.6,0,0,68.24,61.333726027816276
2018-01-01,Saskatchewan,144.5,0,0,63.7,10.851285819599143
2018-02-01,Saskatchewan,142.5,0,0,62.23,10.825742104151814
2018-03-01,Saskatchewan,147.1,0,0,62.73,10.825274829237998
2018-04-01,Saskatchewan,152.7,0,0,66.25,10.826020056552316
2018-05-01,Saskatchewan,156.9,0,0,69.98,10.826428291464428
2018-06-01,Saskatchewan,156.8,0,0,67.87,10.826193327344132
2018-07-01,Saskatchewan,158.1,0,0,70.98,10.82571939758009
2018-08-01,Saskatchewan,156.4,0,0,68.06,10.825580267709062
2018-09-01,Saskatchewan,155.8,0,0,70.23,10.82540739093816
2018-10-01,Saskatchewan,156,0,0,70.75,10.82552646108564
2018-11-01,Saskatchewan,148.2,0,0,56.96,10.8253593088702
2018-12-01,Saskatchewan,139.8,0,0,49.52,10.825987100484648
2019-01-01,Saskatchewan,135.7,0,0,51.38,10.810692389396547
2019-02-01,Saskatchewan,140.5,0,0,54.95,10.764560408892029
2019-03-01,Saskatchewan,147.2,0,0,58.15,10.771044403473315
2019-04-01,Saskatchewan,161.4,0,0,63.86,10.773132951776963
2019-05-01,Saskatchewan,160.8,0,0,60.83,10.774804828117688
2019-06-01,Saskatchewan,154.1,0,0,54.66,10.776018017070193
2019-07-01,Saskatchewan,154.1,0,0,57.35,10.821349338532674
2019-08-01,Saskatchewan,149.9,0,0,54.81,10.84999969896066
2019-09-01,Saskatchewan,148.4,0,0,56.95,10.850435587803082
2019-10-01,Saskatchewan,149.8,0,0,53.96,10.830784324162073
2019-11-01,Saskatchewan,146.4,0,0,57.03,10.831121119818178
2019-12-01,Saskatchewan,148.1,0,0,59.88,10.831153646194622
2020-01-01,Saskatchewan,150,0,0,57.52,10.598777820046367
2020-02-01,Saskatchewan,147.3,0,0,50.54,9.963016755776053
2020-03-01,Saskatchewan,134.5,0,0,29.21,10.241278196094639
2020-04-01,Saskatchewan,122.7,0,0,16.55,10.658016476016769
2020-05-01,Saskatchewan,134.4,0,0,28.56,10.657940541519162
2020-06-01,Saskatchewan,141.4,0,0,38.31,10.658160453597752
2020-07-01,Saskatchewan,145.8,0,0,40.71,10.657878986617957
2020-08-01,Saskatchewan,145.3,0,0,42.34,10.658242646279826
2020-09-01,Saskatchewan,146.2,0,0,39.63,10.658418053714819
2020-10-01,Saskatchewan,144.4,0,0,39.4,10.657895499835655
2020-11-01,Saskatchewan,143,0,0,40.94,10.65788017628017
2020-12-01,Saskatchewan,144.2,0,0,47.02,10.658210718990098
2021-01-01,Saskatchewan,142.4,0,0,52,10.759599097006983
2021-02-01,Saskatchewan,147.2,0,0,59.04,10.772645688221473
2021-03-01,Saskatchewan,153.9,0,0,62.33,10.772543770861613
2021-04-01,Saskatchewan,160,0,0,61.72,10.772994305907813
2021-05-01,Saskatchewan,159.8,0,0,65.17,10.772003434517064
2021-06-01,Saskatchewan,160.2,0,0,71.38,10.77253385729965
2021-07-01,Saskatchewan,163.6,0,0,72.49,10.772522690136723
2021-08-01,Saskatchewan,163.8,0,0,67.73,10.77256754268386
2021-09-01,Saskatchewan,164,0,0,71.65,10.772766042297134
2021-10-01,Saskatchewan,171.3,0,0,81.48,10.772024192760828
2021-11-01,Saskatchewan,174.4,0,0,79.15,10.772454499812028
2021-12-01,Saskatchewan,165.5,0,0,71.71,10.772210313081905
2022-01-01,Saskatchewan,173.6,0,0,83.22,10.805662805165186
2022-02-01,Saskatchewan,180.8,0,0,91.64,10.838640631379263
2022-03-01,Saskatchewan,198.1,0,0,108.5,10.855866528088288
2022-04-01,Saskatchewan,198.2,0,0,101.78,10.92426583677291
2022-05-01,Saskatchewan,208.8,0,0,109.55,10.924250901265568
2022-06-01,Saskatchewan,225.1,0,0,114.84,10.924325144150949
2022-07-01,Saskatchewan,214.6,0,0,101.62,10.924607660198056
2022-08-01,Saskatchewan,190.4,0,0,93.67,10.924414147644086
2022-09-01,Saskatchewan,190.6,0,0,84.26,10.924615261226252
2022-10-01,Saskatchewan,212.2,0,0,87.55,10.924312792595705
2022-11-01,Saskatchewan,199,0,0,84.37,10.924603817929643
2022-12-01,Saskatchewan,184.9,0,0,76.44,10.924208190999956
2023-01-01,Saskatchewan,190.4,0,0,78.12,10.924201091510886
2023-02-01,Saskatchewan,189.6,0,0,76.83,10.924151930281026
2023-03-01,Saskatchewan,194.6,0,0,73.28,10.923814213780304
2023-04-01,Saskatchewan,202.6,65,1,79.45,10.923802183335596
2023-05-01,Saskatchewan,201.4,65,1,71.58,10.923824412254728
2023-06-01,Saskatchewan,201.5,65,1,70.25,10.923767378744211
2023-07-01,Saskatchewan,199.1,65,1,76.07,10.923795373103413
2023-08-01,Saskatchewan,203.6,65,1,81.39,10.924098015609564
2023-09-01,Saskatchewan,203,65,1,89.43,10.924067184267024
2023-10-01,Saskatchewan,196.9,65,1,85.64,10.924057407776436
2023-11-01,Saskatchewan,190.7,65,1,77.69,10.924227769406947
2023-12-01,Saskatchewan,182.2,65,1,71.9,10.924379273652365
2024-01-01,Saskatchewan,173,65,1,74.15,10.959741326395207
2024-02-01,Saskatchewan,179,65,1,77.25,10.979129719506764
2024-03-01,Saskatchewan,188.2,65,1,81.28,10.979401706282271
2024-04-01,Saskatchewan,192.8,80,1,85.35,10.97906180312258
2024-05-01,Saskatchewan,190.7,80,1,80.02,10.979098108946935
2024-06-01,Saskatchewan,189.4,80,1,79.77,10.97894922422398
2024-07-01,Saskatchewan,194.5,80,1,81.8,10.9790689932571
2024-08-01,Saskatchewan,197.9,80,1,76.68,10.97897203804294
2024-09-01,Saskatchewan,186.8,80,1,70.24,10.978937459771025
2024-10-01,Saskatchewan,185.1,80,1,71.99,10.979103525122595
2024-11-01,Saskatchewan,183.4,80,1,69.95,10.978983188867938
2024-12-01,Saskatchewan,183.5,80,1,70.12,10.978935862858256
2025-01-01,Saskatchewan,188.6,80,1,75.74,11.066563276500958
2025-02-01,Saskatchewan,192.5,80,1,71.53,11.066503982059682
2025-03-01,Saskatchewan,190.8,80,1,68.24,11.066614403455276
